{
	"start":	{
		"connected":	[{
				"socket":	5,
				"local_host":	"192.168.4.11",
				"local_port":	50555,
				"remote_host":	"192.168.4.52",
				"remote_port":	50030
			}],
		"version":	"iperf 3.5",
		"system_info":	"Linux comm1 4.12.14-lp151.28.91-default #1 SMP Tue Jan 12 23:05:46 UTC 2021 (e284d31) x86_64",
		"timestamp":	{
			"time":	"Mon, 14 Mar 2022 14:02:11 GMT",
			"timesecs":	1647266531
		},
		"accepted_connection":	{
			"host":	"192.168.4.52",
			"port":	52094
		},
		"cookie":	"comm2.1647266531.903568.3e1f9384049d",
		"sock_bufsize":	0,
		"sndbuf_actual":	212992,
		"rcvbuf_actual":	212992,
		"test_start":	{
			"protocol":	"UDP",
			"num_streams":	1,
			"blksize":	8192,
			"omit":	0,
			"duration":	120,
			"bytes":	0,
			"blocks":	0,
			"reverse":	0,
			"tos":	0
		}
	},
	"intervals":	[{
			"streams":	[{
					"socket":	5,
					"start":	0,
					"end":	1.0000710487365723,
					"seconds":	1.0000710487365723,
					"bytes":	122880,
					"bits_per_second":	982970.16121195769,
					"jitter_ms":	0.039543652906093914,
					"lost_packets":	0,
					"packets":	15,
					"lost_percent":	0,
					"omitted":	false
				}],
			"sum":	{
				"start":	0,
				"end":	1.0000710487365723,
				"seconds":	1.0000710487365723,
				"bytes":	122880,
				"bits_per_second":	982970.16121195769,
				"jitter_ms":	0.039543652906093914,
				"lost_packets":	0,
				"packets":	15,
				"lost_percent":	0,
				"omitted":	false
			}
		}, {
			"streams":	[{
					"socket":	5,
					"start":	1.0000710487365723,
					"end":	2.0000691413879395,
					"seconds":	0.99999809265136719,
					"bytes":	131072,
					"bits_per_second":	1048578.0000038147,
					"jitter_ms":	0.036878111936995493,
					"lost_packets":	0,
					"packets":	16,
					"lost_percent":	0,
					"omitted":	false
				}],
			"sum":	{
				"start":	1.0000710487365723,
				"end":	2.0000691413879395,
				"seconds":	0.99999809265136719,
				"bytes":	131072,
				"bits_per_second":	1048578.0000038147,
				"jitter_ms":	0.036878111936995493,
				"lost_packets":	0,
				"packets":	16,
				"lost_percent":	0,
				"omitted":	false
			}
		}, {
			"streams":	[{
					"socket":	5,
					"start":	2.0000691413879395,
					"end":	3.0000672340393066,
					"seconds":	0.99999809265136719,
					"bytes":	131072,
					"bits_per_second":	1048578.0000038147,
					"jitter_ms":	0.036803313662110211,
					"lost_packets":	0,
					"packets":	16,
					"lost_percent":	0,
					"omitted":	false
				}],
			"sum":	{
				"start":	2.0000691413879395,
				"end":	3.0000672340393066,
				"seconds":	0.99999809265136719,
				"bytes":	131072,
				"bits_per_second":	1048578.0000038147,
				"jitter_ms":	0.036803313662110211,
				"lost_packets":	0,
				"packets":	16,
				"lost_percent":	0,
				"omitted":	false
			}
		}, {
			"streams":	[{
					"socket":	5,
					"start":	3.0000672340393066,
					"end":	4.000068187713623,
					"seconds":	1.0000009536743164,
					"bytes":	131072,
					"bits_per_second":	1048575.0000009537,
					"jitter_ms":	0.035333272055957252,
					"lost_packets":	0,
					"packets":	16,
					"lost_percent":	0,
					"omitted":	false
				}],
			"sum":	{
				"start":	3.0000672340393066,
				"end":	4.000068187713623,
				"seconds":	1.0000009536743164,
				"bytes":	131072,
				"bits_per_second":	1048575.0000009537,
				"jitter_ms":	0.035333272055957252,
				"lost_packets":	0,
				"packets":	16,
				"lost_percent":	0,
				"omitted":	false
			}
		}, {
			"streams":	[{
					"socket":	5,
					"start":	4.000068187713623,
					"end":	5.0000672340393066,
					"seconds":	0.99999904632568359,
					"bytes":	131072,
					"bits_per_second":	1048577.0000009537,
					"jitter_ms":	0.0345470485705035,
					"lost_packets":	0,
					"packets":	16,
					"lost_percent":	0,
					"omitted":	false
				}],
			"sum":	{
				"start":	4.000068187713623,
				"end":	5.0000672340393066,
				"seconds":	0.99999904632568359,
				"bytes":	131072,
				"bits_per_second":	1048577.0000009537,
				"jitter_ms":	0.0345470485705035,
				"lost_packets":	0,
				"packets":	16,
				"lost_percent":	0,
				"omitted":	false
			}
		}, {
			"streams":	[{
					"socket":	5,
					"start":	5.0000672340393066,
					"end":	6.0000672340393066,
					"seconds":	1,
					"bytes":	131072,
					"bits_per_second":	1048576,
					"jitter_ms":	0.034769022560522625,
					"lost_packets":	0,
					"packets":	16,
					"lost_percent":	0,
					"omitted":	false
				}],
			"sum":	{
				"start":	5.0000672340393066,
				"end":	6.0000672340393066,
				"seconds":	1,
				"bytes":	131072,
				"bits_per_second":	1048576,
				"jitter_ms":	0.034769022560522625,
				"lost_packets":	0,
				"packets":	16,
				"lost_percent":	0,
				"omitted":	false
			}
		}, {
			"streams":	[{
					"socket":	5,
					"start":	6.0000672340393066,
					"end":	7.0000672340393066,
					"seconds":	1,
					"bytes":	131072,
					"bits_per_second":	1048576,
					"jitter_ms":	0.035671828865484839,
					"lost_packets":	0,
					"packets":	16,
					"lost_percent":	0,
					"omitted":	false
				}],
			"sum":	{
				"start":	6.0000672340393066,
				"end":	7.0000672340393066,
				"seconds":	1,
				"bytes":	131072,
				"bits_per_second":	1048576,
				"jitter_ms":	0.035671828865484839,
				"lost_packets":	0,
				"packets":	16,
				"lost_percent":	0,
				"omitted":	false
			}
		}, {
			"streams":	[{
					"socket":	5,
					"start":	7.0000672340393066,
					"end":	8.0000672340393066,
					"seconds":	1,
					"bytes":	131072,
					"bits_per_second":	1048576,
					"jitter_ms":	0.037003075160395651,
					"lost_packets":	0,
					"packets":	16,
					"lost_percent":	0,
					"omitted":	false
				}],
			"sum":	{
				"start":	7.0000672340393066,
				"end":	8.0000672340393066,
				"seconds":	1,
				"bytes":	131072,
				"bits_per_second":	1048576,
				"jitter_ms":	0.037003075160395651,
				"lost_packets":	0,
				"packets":	16,
				"lost_percent":	0,
				"omitted":	false
			}
		}, {
			"streams":	[{
					"socket":	5,
					"start":	8.0000672340393066,
					"end":	9.0000672340393066,
					"seconds":	1,
					"bytes":	131072,
					"bits_per_second":	1048576,
					"jitter_ms":	0.03704352069910781,
					"lost_packets":	0,
					"packets":	16,
					"lost_percent":	0,
					"omitted":	false
				}],
			"sum":	{
				"start":	8.0000672340393066,
				"end":	9.0000672340393066,
				"seconds":	1,
				"bytes":	131072,
				"bits_per_second":	1048576,
				"jitter_ms":	0.03704352069910781,
				"lost_packets":	0,
				"packets":	16,
				"lost_percent":	0,
				"omitted":	false
			}
		}, {
			"streams":	[{
					"socket":	5,
					"start":	9.0000672340393066,
					"end":	10.000069141387939,
					"seconds":	1.0000019073486328,
					"bytes":	131072,
					"bits_per_second":	1048574.0000038147,
					"jitter_ms":	0.040515532185216079,
					"lost_packets":	0,
					"packets":	16,
					"lost_percent":	0,
					"omitted":	false
				}],
			"sum":	{
				"start":	9.0000672340393066,
				"end":	10.000069141387939,
				"seconds":	1.0000019073486328,
				"bytes":	131072,
				"bits_per_second":	1048574.0000038147,
				"jitter_ms":	0.040515532185216079,
				"lost_packets":	0,
				"packets":	16,
				"lost_percent":	0,
				"omitted":	false
			}
		}, {
			"streams":	[{
					"socket":	5,
					"start":	10.000069141387939,
					"end":	11.000070095062256,
					"seconds":	1.0000009536743164,
					"bytes":	131072,
					"bits_per_second":	1048575.0000009537,
					"jitter_ms":	0.037786132346975837,
					"lost_packets":	0,
					"packets":	16,
					"lost_percent":	0,
					"omitted":	false
				}],
			"sum":	{
				"start":	10.000069141387939,
				"end":	11.000070095062256,
				"seconds":	1.0000009536743164,
				"bytes":	131072,
				"bits_per_second":	1048575.0000009537,
				"jitter_ms":	0.037786132346975837,
				"lost_packets":	0,
				"packets":	16,
				"lost_percent":	0,
				"omitted":	false
			}
		}, {
			"streams":	[{
					"socket":	5,
					"start":	11.000070095062256,
					"end":	12.000068187713623,
					"seconds":	0.99999809265136719,
					"bytes":	131072,
					"bits_per_second":	1048578.0000038147,
					"jitter_ms":	0.037506221509442314,
					"lost_packets":	0,